[
	{
		"id": 0,
		"name": "\uc904"
	},
	{
		"id": 1,
		"name": "\ubc30\ub2ec\ud488"
	},
	{
		"id": 2,
		"name": "\ubc14\uc774\ub7ec\uc2a4"
	},
	{
		"id": 3,
		"name": "\uac8c\uc81c"
	},
	{
		"id": 4,
		"name": "\uc911\uad6d\ubc1c"
	},
	{
		"id": 5,
		"name": "\uce35"
	},
	{
		"id": 6,
		"name": "\ud669\uc0ac"
	},
	{
		"id": 7,
		"name": "\uc9c0\ud558\uacf5\uac04"
	},
	{
		"id": 8,
		"name": "\ucc29\uc6a9"
	},
	{
		"id": 9,
		"name": "\ub2e8\uc21c\uc5f4\uccb4\ud06c\ub9cc\ud558"
	},
	{
		"id": 10,
		"name": "\uac10\uc5fc"
	},
	{
		"id": 11,
		"name": "\uc5d0\uc5b4\ub85c\uc878"
	},
	{
		"id": 12,
		"name": "\ubc1c\uacac"
	},
	{
		"id": 13,
		"name": "\ud655\uc9c4\uc790\uc606"
	},
	{
		"id": 14,
		"name": "\uc99d\uc0c1"
	},
	{
		"id": 15,
		"name": "\ube44\ub9d0\uc544\ub2c8"
	},
	{
		"id": 16,
		"name": "\uc778\uc9c0"
	},
	{
		"id": 17,
		"name": "\uc911\uad6d\uc740\ud589"
	},
	{
		"id": 18,
		"name": "\uc0ac\uc2a4"
	},
	{
		"id": 19,
		"name": "\uc18d\ub3c5"
	},
	{
		"id": 20,
		"name": "\uc911\uad6d\uc77829\ub9cc"
	},
	{
		"id": 21,
		"name": "\uc548\ub958"
	},
	{
		"id": 22,
		"name": "\uc774\uc9c0\uacbd"
	},
	{
		"id": 23,
		"name": "\uad6d\ubbfc"
	},
	{
		"id": 24,
		"name": "\uacb0\uad6d"
	},
	{
		"id": 25,
		"name": "\ud0dd\ubc30"
	},
	{
		"id": 26,
		"name": "\uacf5\uac04"
	},
	{
		"id": 27,
		"name": "\uc790\uc81c"
	},
	{
		"id": 28,
		"name": "\uc9c4\uc9dc\uc774\uac70"
	},
	{
		"id": 29,
		"name": "\uc778\uac04"
	},
	{
		"id": 30,
		"name": "\uc0ac\ub78c"
	},
	{
		"id": 31,
		"name": "\ucf54\ub85c\ub098"
	},
	{
		"id": 32,
		"name": "\uc548\uc4f0"
	},
	{
		"id": 33,
		"name": "\ube44\ub2d0\ubaa8\uc790"
	},
	{
		"id": 34,
		"name": "\uc0c1\ud55c\uac70\uc9c0"
	},
	{
		"id": 35,
		"name": "\uc815\ubd80\uc815\ubd80\uc911\uad6d\uc911\uad6d"
	},
	{
		"id": 36,
		"name": "\uac78\uc744\ub54c"
	},
	{
		"id": 37,
		"name": "\ub300\ud55c\ubbfc\uad6d"
	},
	{
		"id": 38,
		"name": "\uac00\ub2a5"
	},
	{
		"id": 39,
		"name": "\uc2ec\uac01"
	},
	{
		"id": 40,
		"name": "\ud56d\uacf5\uae30"
	},
	{
		"id": 41,
		"name": "\uc120\ub3d9"
	},
	{
		"id": 42,
		"name": "\uc804\ud30c"
	},
	{
		"id": 43,
		"name": "\ud55c\ubc88\uc529"
	},
	{
		"id": 44,
		"name": "\uadfc\uc6d0\uc9c0"
	},
	{
		"id": 45,
		"name": "\ube44\ub9d0"
	},
	{
		"id": 46,
		"name": "\uacf5\uc0b0\ub2f9"
	},
	{
		"id": 47,
		"name": "\ub3d9\ub124"
	},
	{
		"id": 48,
		"name": "\uc54c\ucf5c\uc190\uc18c\ub3c5\uc81c"
	},
	{
		"id": 49,
		"name": "\uc0c8\ub07c\ub4e4"
	},
	{
		"id": 50,
		"name": "\ubb38\uc7ac\uc778"
	},
	{
		"id": 51,
		"name": "\ubc00\ud398\uc7a5\uc18c"
	},
	{
		"id": 52,
		"name": "\ubc00\ud3d0"
	},
	{
		"id": 53,
		"name": "\uc911\uad6d"
	},
	{
		"id": 54,
		"name": "\uc9c4\uc9dc"
	},
	{
		"id": 55,
		"name": "\uacf5\uae30\uc911"
	},
	{
		"id": 56,
		"name": "\ucf54\ub85c"
	},
	{
		"id": 57,
		"name": "\ubb34\uc870\uac74"
	},
	{
		"id": 58,
		"name": "\ub9c8\uc2a4\ud06c"
	},
	{
		"id": 59,
		"name": "\ub9d0"
	},
	{
		"id": 60,
		"name": "\ud638\ud761\uae30"
	},
	{
		"id": 61,
		"name": "\uc608\ubc29"
	},
	{
		"id": 62,
		"name": "\uac10\uc5fc\uc790"
	},
	{
		"id": 63,
		"name": "\uc785\uc7a5"
	},
	{
		"id": 64,
		"name": "\uad50\ud68c"
	},
	{
		"id": 65,
		"name": "\uc774\uc0c1"
	},
	{
		"id": 66,
		"name": "\uc815\ubd80"
	},
	{
		"id": 67,
		"name": "\uacf5\uae30\uac10\uc5fc"
	},
	{
		"id": 68,
		"name": "\uac1c\ub54c\uad6c\ub098"
	},
	{
		"id": 69,
		"name": "\uacf5\uae30"
	},
	{
		"id": 70,
		"name": "\ud68c\uc0ac"
	},
	{
		"id": 71,
		"name": "\ube59\uc0bc\uc815\ubd80\ub2c8\ub4e4"
	},
	{
		"id": 72,
		"name": "\uc6b0\ud55c\uc6b0\ud55c\ud3d0\ub834\ud3d0\ub834"
	},
	{
		"id": 73,
		"name": "\uc544\ub194"
	},
	{
		"id": 74,
		"name": "\uce68\ubc29\uc6b8"
	},
	{
		"id": 75,
		"name": "\ubabb\ub9c9\uc74c"
	},
	{
		"id": 76,
		"name": "\uc0ac\uc2e4"
	},
	{
		"id": 77,
		"name": "\uacf5\uae30\uc911\uac10\uc5fc"
	}
]